pattern_id,source_file,start_index,length,pattern_string
1,EU541617.1 HIV-1 clone pIIIB from USA_ complete genome,1051,8,TACTAGTA
2,EU541617.1 HIV-1 clone pIIIB from USA_ complete genome,7557,9,TGCTCTGGA
3,EU541617.1 HIV-1 clone pIIIB from USA_ complete genome,8076,6,TTGAGA
4,EU541617.1 HIV-1 clone pIIIB from USA_ complete genome,9028,5,GAGTG
5,EU541617.1 HIV-1 clone pIIIB from USA_ complete genome,7238,7,TGAACCA
6,EU541617.1 HIV-1 clone pIIIB from USA_ complete genome,4674,6,ATATTT
7,EU541617.1 HIV-1 clone pIIIB from USA_ complete genome,4672,10,GTATATTTCA
8,EU541617.1 HIV-1 clone pIIIB from USA_ complete genome,4143,9,TACTACAGT
9,EU541617.1 HIV-1 clone pIIIB from USA_ complete genome,3272,10,TACAAAAGGA
10,EU541617.1 HIV-1 clone pIIIB from USA_ complete genome,3129,8,ATTTAAAA
11,EU541617.1 HIV-1 clone pIIIB from USA_ complete genome,2689,8,AGAACAAA
12,EU541617.1 HIV-1 clone pIIIB from USA_ complete genome,1260,10,CTTCACAAGA
13,EU541617.1 HIV-1 clone pIIIB from USA_ complete genome,2387,9,CAGGGTTAA
14,EU541617.1 HIV-1 clone pIIIB from USA_ complete genome,613,9,GATAAAAGA
15,EU541617.1 HIV-1 clone pIIIB from USA_ complete genome,6230,7,AAACTGC
16,EU541617.1 HIV-1 clone pIIIB from USA_ complete genome,2651,22,ATTTGTATGTAGGATCTGACTT
17,EU541617.1 HIV-1 clone pIIIB from USA_ complete genome,4550,25,TAGTGCCAAGAAGAAAAGCAAAGAT
18,EU541617.1 HIV-1 clone pIIIB from USA_ complete genome,4302,39,ACAAATGGCAGTATTCATCCACAATTTTAAAAGAAAAGG
19,EU541617.1 HIV-1 clone pIIIB from USA_ complete genome,2871,49,ATTAGTGGGAAAATTGAATTGGGCAAGTCAGATTTATGCAGGGATTAAA
20,EU541617.1 HIV-1 clone pIIIB from USA_ complete genome,6796,28,AGATAGCTAGCAAATTAAGAGAACAATT
21,EU541617.1 HIV-1 clone pIIIB from USA_ complete genome,7091,44,AATTAGATGTTCATCAAATATTACAGGGCTGCTATTAACAAGAG
22,EU541617.1 HIV-1 clone pIIIB from USA_ complete genome,2340,30,GAGAACTCAAGATTTCTGGGAAGTTCAATT
23,EU541617.1 HIV-1 clone pIIIB from USA_ complete genome,4792,41,TTGGGGTCTGCATACAGGAGAAAGAGACTGGCATTTGGGTC
24,EU541617.1 HIV-1 clone pIIIB from USA_ complete genome,221,12,AGGAGCTCTCTC
25,EU541617.1 HIV-1 clone pIIIB from USA_ complete genome,8905,39,GCATTTCATCACGTGGCCCGAGAGCTGCATCCGGAGTAC
26,EU541617.1 HIV-1 clone pIIIB from USA_ complete genome,7172,43,ACCTGGAGGAGGAGATATGAGGGACAATTGGAGAAGTGAATTA
27,EU541617.1 HIV-1 clone pIIIB from USA_ complete genome,7329,14,TTCTTGGGAGCAGC
28,EU541617.1 HIV-1 clone pIIIB from USA_ complete genome,7799,15,GCTGTGGTATATAAA
29,EU541617.1 HIV-1 clone pIIIB from USA_ complete genome,8036,20,GGACGATCTGCGGAGCCTGT
30,EU541617.1 HIV-1 clone pIIIB from USA_ complete genome,299,47,CAAAAATTTTGACTAGCGGAGGCTAGAAGGAGAGAGATGGGTGCGAG
31,EU541617.1 HIV-1 clone pIIIB from USA_ complete genome,3271,154,ATACAAAAGGAAACATGGGAAGCATGGTGGACAGAGTATTGGCAAGCCACCTGGATTCCTGAGTGGGAGTTTGTCAATACCCCTCCCTTAGTGAAGTTATGGTACCAGTTAGAGAAAGAACCCATAATAGGAGCAGAAACTTTCTATGTAGATG
32,EU541617.1 HIV-1 clone pIIIB from USA_ complete genome,6652,192,GTACAAGACCCAACAACAATACAAGAAAAAAAATCCGTATCCAGAGGGGACCAGGGAGAGCATTTGTTACAATAGGAAAAATAGGAAATATGAGACAAGCACATTGTAACATTAGTAGAGCAAAATGGAATGCCACTTTAAAACAGATAGCTAGCAAATTAAGAGAACAATTTGGAAATAATAAAACAATAA
33,EU541617.1 HIV-1 clone pIIIB from USA_ complete genome,8435,75,CATCTCGAGACCTAGAAAAACATGGAGCAATCACAAGTAGCAACACAGCAGCTAACAATGCTGCTTGTGCCTGGC
34,EU541617.1 HIV-1 clone pIIIB from USA_ complete genome,5005,85,CAAGGTAGGATCTCTACAGTACTTGGCACTAGCAGCATTAATAAAACCAAAACAGATAAAGCCACCTTTGCCTAGTGTTAGGAAA
35,EU541617.1 HIV-1 clone pIIIB from USA_ complete genome,4763,97,GGGGATGCTAAATTAGTAATAACAACATATTGGGGTCTGCATACAGGAGAAAGAGACTGGCATTTGGGTCAGGGAGTCTCCATAGAATGGAGGAAAA
36,EU541617.1 HIV-1 clone pIIIB from USA_ complete genome,6869,150,CCCAGAAATTGTAACGCACAGTTTTAATTGTGGAGGGGAATTTTTCTACTGTAATTCAACACAACTGTTTAATAGTACTTGGTTTAATAGTACTTGGAGTACTGAAGGGTCAAATAACACTGAAGGAAGTGACACAATCACACTCCCATG
37,EU541617.1 HIV-1 clone pIIIB from USA_ complete genome,7304,95,GGGAATAGGAGCTTTGTTCCTTGGGTTCTTGGGAGCAGCAGGAAGCACTATGGGCGCAGCGTCAATGACGCTGACGGTACAGGCCAGACAATTAT
38,EU541617.1 HIV-1 clone pIIIB from USA_ complete genome,3557,197,ATTCGGGATTAGAAGTAAACATAGTGACAGACTCACAATATGCATTGGGAATCATTCAAGCACAACCAGATAAGAGTGAATCAGAGTTAGTCAGTCAAATAATAGAGCAGTTAATAAAAAAGGAAAAAGTCTACCTGGCATGGGTACCAGCACACAAAGGAATTGGAGGAAATGAACAAGTAGATAAATTGGTCAGT
39,EU541617.1 HIV-1 clone pIIIB from USA_ complete genome,1643,137,ATCTGGCCTTCCCACAAGGGAAGGCCAGGGAATTTTCTTCAGAGCAGACCAGAGCCAACAGCCCCACCAGAAGAGAGCTTCAGGTTTGGGGAAGAGACAACAACTCCCTCTCAGAAGCAGGAGCCGATAGACAAGGA
40,EU541617.1 HIV-1 clone pIIIB from USA_ complete genome,2276,114,TTGCCATAAAGAAAAAAGACAGTACTAAATGGAGAAAATTAGTAGATTTCAGAGAACTTAATAAGAGAACTCAAGATTTCTGGGAAGTTCAATTAGGAATACCACATCCTGCAG
